{
    "xfix": [
        -0.9543211072836386,
        0.19089923612533358
    ],
    "xu": [
        -0.9543098289790618,
        0.1908454373599407
    ],
    "xs": [
        -0.954305345456587,
        0.19092100473461604
    ],
    "parameters": {
        "k": 0.05,
        "B": 0.3,
        "B0": 0
    },
    "period": 1,
    "maps_u": 7,
    "maps_s": 6
}