{
    "x0": [-0.9543211096285452, 0.19089923733361566],
    "xu": [-0.9543098289802792, 0.19084543736574927],
    "xs": [-0.9543053454560082, 0.19092100473541554],
    "parameters": {
        "k": 0.05,
        "B0": 0,
        "B": 0.3
    },
    "period": 1,
    "maps_u": 7,
    "maps_s": 6
}