{
    "xfix": [
        -1.0045625374115001,
        0.3021901997786167
    ],
    "xu": [
        -1.0045590724479194,
        0.30205195722416683
    ],
    "xs": [
        -1.0044433101609014,
        0.30236677831803677
    ],
    "parameters": {
        "k": 0.05,
        "B": 0.22194620514454416,
        "B0": 0
    },
    "period": 1,
    "maps_u": 7,
    "maps_s": 6,
    "hbf_param_key": "B"
}