{
    "xfix": [-1.00456254,  0.30219021],
    "xu": [-1.0045590745065265, 0.3020519671015094],
    "xs": [-1.0044433118808054, 0.3023667883205662],
    "parameters": {
        "k": 0.05,
        "B0": 0,
        "B": 0.22194620003305437
    },
    "period": 1,
    "maps_u": 7,
    "maps_s": 6,
    "manifold_mode": "draw",
    "manifold_config": {
        "vec_size": {
            "u": 1e-3,
            "s": 1e-3
        },
        "max_frames": 5,
        "itr_cnt": {
            "u": 7,
            "s": 6
        }
    }
}