{
    "xfix": [
        0.23214784788536827,
        0.07559285853639049
    ],
    "parameters": {
        "k": 0.2,
        "B": 0.1,
        "B0": 0.1
    },
    "period": 1
}