{
    "xfix": [
        0.6869701994316354,
        0.20609105982949064
    ],
    "parameters": {
        "a": 1.1,
        "b": 0.3
    },
    "period": 1
}