{
    "xfix": [
        0.6765664497981285,
        0.20296993493943855
    ],
    "parameters": {
        "a": 1.15,
        "b": 0.3
    },
    "period": 1
}