{
    "xfix": [
        0.6666666666666963,
        0.20000000000000887
    ],
    "parameters": {
        "a": 1.2,
        "b": 0.3
    },
    "period": 1
}