{
    "x0": [-0.1540484,  0.1031489],
    "parameters": {
        "k": 0.2,
        "B0": 0.08,
        "B": 0.3
    },
    "period": 1
}