{
    "x0": [-0.9543211096285452, 0.19089923733361566],
    "xu": [-0.9533218900292203, 0.18613284874346434],
    "xs": [-0.9507729687084047, 0.19579956344631716],
    "parameters": {
        "k": 0.05,
        "B0": 0,
        "B": 0.3
    },
    "period": 1,
    "maps_u": 4,
    "maps_s": 3
}