{
    "x0": [-0.99741898,  0.27471559],
    "xu": [-0.986747257090532, 0.10235472357695526],
    "xs": [-0.9639939443982927, 0.32452315286628064],
    "parameters": {
        "k": 0.05,
        "B0": 0,
        "B": 0.2376
    },
    "period": 1,
    "maps_u": 4,
    "maps_s": 3
}