{
    "xfix": [-1.003308564506079, 0.29656370772365503],
    "xu": [-1.0033042799251857, 0.29643129025277903],
    "xs": [-1.0031997049668901, 0.2967252732614351],
    "parameters": {
        "k": 0.05,
        "B0": 0,
        "B": 0.225
    },
    "period": 1,
    "maps_u": 7,
    "maps_s": 6,
    "hbf_param_key": "B",
    "manifold_mode": "search",
    "manifold_config": {
        "vec_size": {
            "u": 1e-4,
            "s": 1e-4
        },
        "max_frames": 6,
        "init_resolution": {
            "u": 10,
            "s": 10
        },
        "itr_cnt": {
            "u": 8,
            "s": 7
        }
    }
}